method,N,K,J,rep,recovery,time_s
EM-MIP-20,250,3,10,1,0.866667,8.892
EM-MIP-20,250,3,10,2,0.966667,12.398
EM-MIP-20,250,3,10,3,0.966667,10.152
EM-MIP-20,250,3,10,4,0.933333,9.467
EM-MIP-20,250,3,10,5,0.966667,8.605
EM-MIP-20,250,3,10,6,0.933333,11.926
EM-MIP-20,250,3,10,7,0.933333,9.586
EM-MIP-20,250,3,10,8,0.966667,9.979
EM-MIP-20,250,3,10,9,0.933333,11.116
EM-MIP-20,250,3,10,10,1.000000,9.000
EM-MIP-20,250,3,10,11,1.000000,8.550
EM-MIP-20,250,3,10,12,0.866667,8.195
EM-MIP-20,250,3,10,13,0.933333,8.648
EM-MIP-20,250,3,10,14,0.933333,9.004
EM-MIP-20,250,3,10,15,1.000000,10.006
EM-MIP-20,250,3,10,16,0.833333,11.179
EM-MIP-20,250,3,10,17,1.000000,14.381
EM-MIP-20,250,3,10,18,1.000000,10.138
EM-MIP-20,250,3,10,19,0.933333,9.569
EM-MIP-20,250,3,10,20,0.800000,8.845
EM-MIP-20,250,3,10,21,0.866667,12.316
EM-MIP-20,250,3,10,22,1.000000,10.896
EM-MIP-20,250,3,10,23,1.000000,10.487
EM-MIP-20,250,3,10,24,0.933333,11.743
EM-MIP-20,250,3,10,25,0.900000,9.494
EM-MIP-20,250,3,10,26,0.933333,11.260
EM-MIP-20,250,3,10,27,0.966667,10.735
EM-MIP-20,250,3,10,28,0.700000,11.309
EM-MIP-20,250,3,10,29,0.966667,7.031
EM-MIP-20,250,3,10,30,0.900000,7.847
EM-MIP-20,250,3,10,31,0.933333,8.580
EM-MIP-20,250,3,10,32,0.966667,10.198
EM-MIP-20,250,3,10,33,0.933333,8.760
EM-MIP-20,250,3,10,34,0.933333,7.720
EM-MIP-20,250,3,10,35,0.900000,12.306
EM-MIP-20,250,3,10,36,0.833333,8.762
EM-MIP-20,250,3,10,37,0.933333,9.193
EM-MIP-20,250,3,10,38,0.933333,8.723
EM-MIP-20,250,3,10,39,0.933333,8.167
EM-MIP-20,250,3,10,40,0.866667,9.600
EM-MIP-20,250,3,10,41,0.966667,8.454
EM-MIP-20,250,3,10,42,0.966667,7.788
EM-MIP-20,250,3,10,43,0.866667,8.718
EM-MIP-20,250,3,10,44,0.933333,9.199
EM-MIP-20,250,3,10,45,1.000000,10.097
EM-MIP-20,250,3,10,46,0.966667,9.641
EM-MIP-20,250,3,10,47,0.966667,8.393
EM-MIP-20,250,3,10,48,0.966667,7.712
EM-MIP-20,250,3,10,49,0.966667,11.738
EM-MIP-20,250,3,10,50,0.933333,9.595
EM-MIP-20,250,3,10,51,0.966667,9.366
EM-MIP-20,250,3,10,52,0.933333,10.955
EM-MIP-20,250,3,10,53,0.966667,8.885
EM-MIP-20,250,3,10,54,0.933333,10.699
EM-MIP-20,250,3,10,55,0.866667,9.414
EM-MIP-20,250,3,10,56,0.933333,13.307
EM-MIP-20,250,3,10,57,0.966667,8.692
EM-MIP-20,250,3,10,58,0.966667,7.631
EM-MIP-20,250,3,10,59,1.000000,7.244
EM-MIP-20,250,3,10,60,1.000000,8.963
EM-MIP-20,250,3,10,61,0.900000,10.694
EM-MIP-20,250,3,10,62,0.933333,8.432
EM-MIP-20,250,3,10,63,1.000000,10.791
EM-MIP-20,250,3,10,64,1.000000,11.049
EM-MIP-20,250,3,10,65,1.000000,7.928
EM-MIP-20,250,3,10,66,0.733333,10.115
EM-MIP-20,250,3,10,67,0.933333,7.403
EM-MIP-20,250,3,10,68,1.000000,9.878
EM-MIP-20,250,3,10,69,0.866667,9.598
EM-MIP-20,250,3,10,70,1.000000,9.788
EM-MIP-20,250,3,10,71,0.933333,12.534
EM-MIP-20,250,3,10,72,0.966667,9.866
EM-MIP-20,250,3,10,73,0.900000,12.089
EM-MIP-20,250,3,10,74,0.866667,9.839
EM-MIP-20,250,3,10,75,1.000000,8.355
EM-MIP-20,250,3,10,76,1.000000,8.849
EM-MIP-20,250,3,10,77,0.933333,11.415
EM-MIP-20,250,3,10,78,0.966667,10.815
EM-MIP-20,250,3,10,79,0.933333,10.279
EM-MIP-20,250,3,10,80,0.933333,11.834
EM-MIP-20,250,3,10,81,0.900000,10.507
EM-MIP-20,250,3,10,82,1.000000,7.824
EM-MIP-20,250,3,10,83,0.966667,9.386
EM-MIP-20,250,3,10,84,0.966667,9.898
EM-MIP-20,250,3,10,85,0.933333,11.147
EM-MIP-20,250,3,10,86,0.866667,12.597
EM-MIP-20,250,3,10,87,0.966667,10.975
EM-MIP-20,250,3,10,88,0.966667,8.759
EM-MIP-20,250,3,10,89,1.000000,10.774
EM-MIP-20,250,3,10,90,0.966667,9.492
EM-MIP-20,250,3,10,91,0.933333,7.963
EM-MIP-20,250,3,10,92,0.800000,7.430
EM-MIP-20,250,3,10,93,0.933333,10.865
EM-MIP-20,250,3,10,94,1.000000,7.711
EM-MIP-20,250,3,10,95,1.000000,10.215
EM-MIP-20,250,3,10,96,0.966667,10.001
EM-MIP-20,250,3,10,97,0.900000,10.954
EM-MIP-20,250,3,10,98,0.900000,9.047
EM-MIP-20,250,3,10,99,0.933333,11.694
EM-MIP-20,250,3,10,100,0.966667,8.177
EM-MIP-20,500,3,10,1,0.966667,10.049
EM-MIP-20,500,3,10,2,0.900000,10.911
EM-MIP-20,500,3,10,3,1.000000,8.550
EM-MIP-20,500,3,10,4,0.966667,9.962
EM-MIP-20,500,3,10,5,0.866667,13.570
EM-MIP-20,500,3,10,6,0.966667,12.227
EM-MIP-20,500,3,10,7,1.000000,9.752
EM-MIP-20,500,3,10,8,0.966667,12.824
EM-MIP-20,500,3,10,9,1.000000,10.293
EM-MIP-20,500,3,10,10,0.833333,12.164
EM-MIP-20,500,3,10,11,0.966667,9.935
EM-MIP-20,500,3,10,12,0.933333,9.048
EM-MIP-20,500,3,10,13,1.000000,9.503
EM-MIP-20,500,3,10,14,0.866667,11.474
EM-MIP-20,500,3,10,15,0.866667,10.752
EM-MIP-20,500,3,10,16,1.000000,10.764
EM-MIP-20,500,3,10,17,1.000000,14.767
EM-MIP-20,500,3,10,18,1.000000,8.805
EM-MIP-20,500,3,10,19,0.866667,12.718
EM-MIP-20,500,3,10,20,0.966667,11.122
EM-MIP-20,500,3,10,21,0.833333,10.921
EM-MIP-20,500,3,10,22,0.900000,10.023
EM-MIP-20,500,3,10,23,0.966667,12.023
EM-MIP-20,500,3,10,24,1.000000,9.662
EM-MIP-20,500,3,10,25,0.900000,10.621
EM-MIP-20,500,3,10,26,1.000000,11.520
EM-MIP-20,500,3,10,27,0.966667,10.372
EM-MIP-20,500,3,10,28,0.933333,12.926
EM-MIP-20,500,3,10,29,0.966667,12.712
EM-MIP-20,500,3,10,30,0.966667,10.518
EM-MIP-20,500,3,10,31,0.766667,11.015
EM-MIP-20,500,3,10,32,0.833333,11.455
EM-MIP-20,500,3,10,33,0.966667,11.100
EM-MIP-20,500,3,10,34,0.966667,12.997
EM-MIP-20,500,3,10,35,1.000000,12.769
EM-MIP-20,500,3,10,36,0.966667,11.366
EM-MIP-20,500,3,10,37,0.966667,12.459
EM-MIP-20,500,3,10,38,1.000000,11.302
EM-MIP-20,500,3,10,39,0.933333,10.790
EM-MIP-20,500,3,10,40,0.900000,14.431
EM-MIP-20,500,3,10,41,1.000000,10.247
EM-MIP-20,500,3,10,42,1.000000,11.688
EM-MIP-20,500,3,10,43,0.966667,14.783
EM-MIP-20,500,3,10,44,0.933333,10.762
EM-MIP-20,500,3,10,45,0.800000,11.074
EM-MIP-20,500,3,10,46,0.900000,11.620
EM-MIP-20,500,3,10,47,0.900000,14.120
EM-MIP-20,500,3,10,48,1.000000,9.580
EM-MIP-20,500,3,10,49,0.933333,9.780
EM-MIP-20,500,3,10,50,0.966667,10.614
EM-MIP-20,500,3,10,51,0.966667,13.023
EM-MIP-20,500,3,10,52,0.933333,11.243
EM-MIP-20,500,3,10,53,0.933333,8.768
EM-MIP-20,500,3,10,54,0.900000,10.085
EM-MIP-20,500,3,10,55,0.933333,9.817
EM-MIP-20,500,3,10,56,0.833333,13.420
EM-MIP-20,500,3,10,57,0.833333,10.651
EM-MIP-20,500,3,10,58,0.833333,10.435
EM-MIP-20,500,3,10,59,1.000000,12.200
EM-MIP-20,500,3,10,60,0.933333,14.052
EM-MIP-20,500,3,10,61,1.000000,11.719
EM-MIP-20,500,3,10,62,0.966667,11.541
EM-MIP-20,500,3,10,63,0.966667,14.153
EM-MIP-20,500,3,10,64,0.933333,9.617
EM-MIP-20,500,3,10,65,0.966667,11.507
EM-MIP-20,500,3,10,66,0.933333,11.558
EM-MIP-20,500,3,10,67,0.966667,12.168
EM-MIP-20,500,3,10,68,0.933333,11.794
EM-MIP-20,500,3,10,69,1.000000,9.560
EM-MIP-20,500,3,10,70,1.000000,11.923
EM-MIP-20,500,3,10,71,0.866667,13.445
EM-MIP-20,500,3,10,72,1.000000,12.118
EM-MIP-20,500,3,10,73,0.966667,8.883
EM-MIP-20,500,3,10,74,1.000000,11.279
EM-MIP-20,500,3,10,75,1.000000,11.672
EM-MIP-20,500,3,10,76,0.900000,11.761
EM-MIP-20,500,3,10,77,0.966667,10.708
EM-MIP-20,500,3,10,78,0.900000,11.455
EM-MIP-20,500,3,10,79,1.000000,10.064
EM-MIP-20,500,3,10,80,0.933333,11.286
EM-MIP-20,500,3,10,81,1.000000,13.244
EM-MIP-20,500,3,10,82,0.966667,12.020
EM-MIP-20,500,3,10,83,0.933333,11.554
EM-MIP-20,500,3,10,84,1.000000,10.401
EM-MIP-20,500,3,10,85,0.933333,13.258
EM-MIP-20,500,3,10,86,0.933333,9.580
EM-MIP-20,500,3,10,87,1.000000,11.124
EM-MIP-20,500,3,10,88,1.000000,11.967
EM-MIP-20,500,3,10,89,0.966667,9.906
EM-MIP-20,500,3,10,90,1.000000,14.341
EM-MIP-20,500,3,10,91,0.933333,13.880
EM-MIP-20,500,3,10,92,1.000000,10.582
EM-MIP-20,500,3,10,93,0.933333,15.658
EM-MIP-20,500,3,10,94,0.966667,11.339
EM-MIP-20,500,3,10,95,0.966667,14.434
EM-MIP-20,500,3,10,96,0.966667,14.326
EM-MIP-20,500,3,10,97,1.000000,10.718
EM-MIP-20,500,3,10,98,0.933333,11.758
EM-MIP-20,500,3,10,99,0.933333,10.045
EM-MIP-20,500,3,10,100,1.000000,10.669
EM-MIP-20,1000,3,10,1,0.866667,14.960
EM-MIP-20,1000,3,10,2,0.866667,17.312
EM-MIP-20,1000,3,10,3,0.933333,15.430
EM-MIP-20,1000,3,10,4,0.966667,15.949
EM-MIP-20,1000,3,10,5,0.866667,15.055
EM-MIP-20,1000,3,10,6,1.000000,13.968
EM-MIP-20,1000,3,10,7,0.900000,13.350
EM-MIP-20,1000,3,10,8,0.933333,18.141
EM-MIP-20,1000,3,10,9,1.000000,14.195
EM-MIP-20,1000,3,10,10,0.966667,17.181
EM-MIP-20,1000,3,10,11,0.900000,15.957
EM-MIP-20,1000,3,10,12,0.966667,17.295
EM-MIP-20,1000,3,10,13,0.966667,14.059
EM-MIP-20,1000,3,10,14,1.000000,17.078
EM-MIP-20,1000,3,10,15,0.933333,17.747
EM-MIP-20,1000,3,10,16,0.966667,18.968
EM-MIP-20,1000,3,10,17,0.833333,18.928
EM-MIP-20,1000,3,10,18,0.900000,17.625
EM-MIP-20,1000,3,10,19,1.000000,15.490
EM-MIP-20,1000,3,10,20,0.866667,14.729
EM-MIP-20,1000,3,10,21,1.000000,13.146
EM-MIP-20,1000,3,10,22,1.000000,14.277
EM-MIP-20,1000,3,10,23,1.000000,16.596
EM-MIP-20,1000,3,10,24,1.000000,15.747
EM-MIP-20,1000,3,10,25,0.933333,16.756
EM-MIP-20,1000,3,10,26,0.966667,18.014
EM-MIP-20,1000,3,10,27,0.933333,18.720
EM-MIP-20,1000,3,10,28,0.900000,14.683
EM-MIP-20,1000,3,10,29,0.966667,15.697
EM-MIP-20,1000,3,10,30,0.933333,16.236
EM-MIP-20,1000,3,10,31,1.000000,13.644
EM-MIP-20,1000,3,10,32,0.933333,18.441
EM-MIP-20,1000,3,10,33,0.933333,14.302
EM-MIP-20,1000,3,10,34,0.966667,13.983
EM-MIP-20,1000,3,10,35,0.966667,16.016
EM-MIP-20,1000,3,10,36,0.900000,18.083
EM-MIP-20,1000,3,10,37,0.866667,14.351
EM-MIP-20,1000,3,10,38,1.000000,14.212
EM-MIP-20,1000,3,10,39,0.966667,17.627
EM-MIP-20,1000,3,10,40,1.000000,13.967
EM-MIP-20,1000,3,10,41,0.900000,16.033
EM-MIP-20,1000,3,10,42,0.933333,14.342
EM-MIP-20,1000,3,10,43,1.000000,14.139
EM-MIP-20,1000,3,10,44,0.900000,14.813
EM-MIP-20,1000,3,10,45,0.966667,15.412
EM-MIP-20,1000,3,10,46,0.966667,19.584
EM-MIP-20,1000,3,10,47,1.000000,15.242
EM-MIP-20,1000,3,10,48,1.000000,15.209
EM-MIP-20,1000,3,10,49,0.933333,14.047
EM-MIP-20,1000,3,10,50,0.933333,16.897
EM-MIP-20,1000,3,10,51,1.000000,17.215
EM-MIP-20,1000,3,10,52,0.966667,16.033
EM-MIP-20,1000,3,10,53,0.933333,13.268
EM-MIP-20,1000,3,10,54,0.966667,14.404
EM-MIP-20,1000,3,10,55,0.800000,16.550
EM-MIP-20,1000,3,10,56,0.900000,15.551
EM-MIP-20,1000,3,10,57,0.966667,14.701
EM-MIP-20,1000,3,10,58,1.000000,16.905
EM-MIP-20,1000,3,10,59,1.000000,15.963
EM-MIP-20,1000,3,10,60,0.966667,15.010
EM-MIP-20,1000,3,10,61,0.966667,16.297
EM-MIP-20,1000,3,10,62,0.966667,17.493
EM-MIP-20,1000,3,10,63,0.966667,15.889
EM-MIP-20,1000,3,10,64,0.800000,15.776
EM-MIP-20,1000,3,10,65,1.000000,14.007
EM-MIP-20,1000,3,10,66,0.933333,18.484
EM-MIP-20,1000,3,10,67,0.933333,15.968
EM-MIP-20,1000,3,10,68,0.966667,13.404
EM-MIP-20,1000,3,10,69,0.900000,15.578
EM-MIP-20,1000,3,10,70,1.000000,15.119
EM-MIP-20,1000,3,10,71,1.000000,16.046
EM-MIP-20,1000,3,10,72,0.966667,14.990
EM-MIP-20,1000,3,10,73,1.000000,15.726
EM-MIP-20,1000,3,10,74,1.000000,14.001
EM-MIP-20,1000,3,10,75,0.966667,17.460
EM-MIP-20,1000,3,10,76,0.933333,16.492
EM-MIP-20,1000,3,10,77,1.000000,12.573
EM-MIP-20,1000,3,10,78,1.000000,16.419
EM-MIP-20,1000,3,10,79,0.900000,15.700
EM-MIP-20,1000,3,10,80,0.933333,15.833
EM-MIP-20,1000,3,10,81,0.966667,17.810
EM-MIP-20,1000,3,10,82,1.000000,17.268
EM-MIP-20,1000,3,10,83,0.966667,16.782
EM-MIP-20,1000,3,10,84,0.933333,17.437
EM-MIP-20,1000,3,10,85,1.000000,12.587
EM-MIP-20,1000,3,10,86,0.933333,15.664
EM-MIP-20,1000,3,10,87,1.000000,16.447
EM-MIP-20,1000,3,10,88,1.000000,14.423
EM-MIP-20,1000,3,10,89,0.866667,15.832
EM-MIP-20,1000,3,10,90,0.966667,16.391
EM-MIP-20,1000,3,10,91,0.800000,17.315
EM-MIP-20,1000,3,10,92,1.000000,14.633
EM-MIP-20,1000,3,10,93,0.800000,16.038
EM-MIP-20,1000,3,10,94,0.833333,16.088
EM-MIP-20,1000,3,10,95,1.000000,13.453
EM-MIP-20,1000,3,10,96,0.966667,15.867
EM-MIP-20,1000,3,10,97,1.000000,16.712
EM-MIP-20,1000,3,10,98,0.866667,16.341
EM-MIP-20,1000,3,10,99,0.900000,17.636
EM-MIP-20,1000,3,10,100,0.966667,14.345
EM-MIP-50,250,3,10,1,0.966667,24.174
EM-MIP-50,250,3,10,2,1.000000,24.874
EM-MIP-50,250,3,10,3,0.966667,25.551
EM-MIP-50,250,3,10,4,1.000000,27.436
EM-MIP-50,250,3,10,5,0.966667,27.261
EM-MIP-50,250,3,10,6,1.000000,23.020
EM-MIP-50,250,3,10,7,0.933333,23.582
EM-MIP-50,250,3,10,8,0.933333,26.057
EM-MIP-50,250,3,10,9,1.000000,24.658
EM-MIP-50,250,3,10,10,1.000000,21.641
EM-MIP-50,250,3,10,11,0.966667,21.452
EM-MIP-50,250,3,10,12,0.933333,31.186
EM-MIP-50,250,3,10,13,1.000000,23.253
EM-MIP-50,250,3,10,14,1.000000,24.717
EM-MIP-50,250,3,10,15,0.800000,25.765
EM-MIP-50,250,3,10,16,0.966667,27.805
EM-MIP-50,250,3,10,17,0.966667,25.728
EM-MIP-50,250,3,10,18,1.000000,27.840
EM-MIP-50,250,3,10,19,1.000000,26.392
EM-MIP-50,250,3,10,20,0.933333,27.167
EM-MIP-50,250,3,10,21,0.966667,25.313
EM-MIP-50,250,3,10,22,0.933333,22.533
EM-MIP-50,250,3,10,23,1.000000,26.199
EM-MIP-50,250,3,10,24,0.966667,22.197
EM-MIP-50,250,3,10,25,0.966667,28.024
EM-MIP-50,250,3,10,26,0.966667,26.976
EM-MIP-50,250,3,10,27,1.000000,29.024
EM-MIP-50,250,3,10,28,1.000000,23.446
EM-MIP-50,250,3,10,29,1.000000,22.624
EM-MIP-50,250,3,10,30,0.966667,25.617
EM-MIP-50,250,3,10,31,0.966667,28.926
EM-MIP-50,250,3,10,32,1.000000,25.234
EM-MIP-50,250,3,10,33,1.000000,23.915
EM-MIP-50,250,3,10,34,0.966667,25.377
EM-MIP-50,250,3,10,35,0.933333,26.212
EM-MIP-50,250,3,10,36,1.000000,23.851
EM-MIP-50,250,3,10,37,0.900000,26.926
EM-MIP-50,250,3,10,38,0.966667,21.104
EM-MIP-50,250,3,10,39,1.000000,26.267
EM-MIP-50,250,3,10,40,1.000000,21.482
EM-MIP-50,250,3,10,41,0.933333,30.386
EM-MIP-50,250,3,10,42,0.966667,20.721
EM-MIP-50,250,3,10,43,0.933333,20.819
EM-MIP-50,250,3,10,44,0.933333,28.154
EM-MIP-50,250,3,10,45,1.000000,22.859
EM-MIP-50,250,3,10,46,0.966667,24.952
EM-MIP-50,250,3,10,47,1.000000,20.780
EM-MIP-50,250,3,10,48,0.966667,21.942
EM-MIP-50,250,3,10,49,1.000000,29.015
EM-MIP-50,250,3,10,50,0.966667,26.455
EM-MIP-50,250,3,10,51,0.933333,26.847
EM-MIP-50,250,3,10,52,1.000000,23.513
EM-MIP-50,250,3,10,53,1.000000,25.290
EM-MIP-50,250,3,10,54,0.833333,27.134
EM-MIP-50,250,3,10,55,0.933333,19.887
EM-MIP-50,250,3,10,56,1.000000,23.400
EM-MIP-50,250,3,10,57,0.966667,24.589
EM-MIP-50,250,3,10,58,0.933333,23.270
EM-MIP-50,250,3,10,59,0.966667,26.788
EM-MIP-50,250,3,10,60,0.966667,29.196
EM-MIP-50,250,3,10,61,0.933333,27.475
EM-MIP-50,250,3,10,62,0.966667,20.739
EM-MIP-50,250,3,10,63,0.933333,22.308
EM-MIP-50,250,3,10,64,0.933333,27.431
EM-MIP-50,250,3,10,65,0.833333,26.269
EM-MIP-50,250,3,10,66,0.900000,20.890
EM-MIP-50,250,3,10,67,0.900000,22.121
EM-MIP-50,250,3,10,68,1.000000,23.955
EM-MIP-50,250,3,10,69,0.900000,22.494
EM-MIP-50,250,3,10,70,0.966667,28.729
EM-MIP-50,250,3,10,71,1.000000,22.083
EM-MIP-50,250,3,10,72,1.000000,22.406
EM-MIP-50,250,3,10,73,0.966667,29.090
EM-MIP-50,250,3,10,74,1.000000,25.624
EM-MIP-50,250,3,10,75,1.000000,24.621
EM-MIP-50,250,3,10,76,0.966667,25.399
EM-MIP-50,250,3,10,77,1.000000,27.521
EM-MIP-50,250,3,10,78,0.966667,28.954
EM-MIP-50,250,3,10,79,0.966667,21.224
EM-MIP-50,250,3,10,80,1.000000,21.507
EM-MIP-50,250,3,10,81,0.900000,24.141
EM-MIP-50,250,3,10,82,1.000000,22.148
EM-MIP-50,250,3,10,83,0.966667,20.157
EM-MIP-50,250,3,10,84,1.000000,25.094
EM-MIP-50,250,3,10,85,0.900000,21.795
EM-MIP-50,250,3,10,86,1.000000,25.680
EM-MIP-50,250,3,10,87,1.000000,21.045
EM-MIP-50,250,3,10,88,0.966667,23.951
EM-MIP-50,250,3,10,89,0.966667,30.856
EM-MIP-50,250,3,10,90,0.933333,27.347
EM-MIP-50,250,3,10,91,0.933333,28.987
EM-MIP-50,250,3,10,92,1.000000,29.663
EM-MIP-50,250,3,10,93,0.900000,27.245
EM-MIP-50,250,3,10,94,0.966667,25.354
EM-MIP-50,250,3,10,95,1.000000,26.168
EM-MIP-50,250,3,10,96,0.966667,28.461
EM-MIP-50,250,3,10,97,1.000000,25.531
EM-MIP-50,250,3,10,98,0.966667,19.987
EM-MIP-50,250,3,10,99,0.933333,23.443
EM-MIP-50,250,3,10,100,0.966667,31.962
EM-MIP-50,500,3,10,1,0.966667,26.260
EM-MIP-50,500,3,10,2,1.000000,26.126
EM-MIP-50,500,3,10,3,1.000000,27.718
EM-MIP-50,500,3,10,4,0.966667,24.529
EM-MIP-50,500,3,10,5,1.000000,27.767
EM-MIP-50,500,3,10,6,0.966667,28.943
EM-MIP-50,500,3,10,7,1.000000,30.286
EM-MIP-50,500,3,10,8,0.966667,30.550
EM-MIP-50,500,3,10,9,0.933333,27.619
EM-MIP-50,500,3,10,10,1.000000,29.026
EM-MIP-50,500,3,10,11,1.000000,30.643
EM-MIP-50,500,3,10,12,1.000000,25.876
EM-MIP-50,500,3,10,13,1.000000,31.969
EM-MIP-50,500,3,10,14,1.000000,24.947
EM-MIP-50,500,3,10,15,0.933333,27.547
EM-MIP-50,500,3,10,16,0.933333,28.952
EM-MIP-50,500,3,10,17,0.966667,30.448
EM-MIP-50,500,3,10,18,0.966667,25.755
EM-MIP-50,500,3,10,19,0.900000,25.804
EM-MIP-50,500,3,10,20,1.000000,30.107
EM-MIP-50,500,3,10,21,1.000000,30.961
EM-MIP-50,500,3,10,22,0.933333,30.096
EM-MIP-50,500,3,10,23,1.000000,26.457
EM-MIP-50,500,3,10,24,1.000000,28.162
EM-MIP-50,500,3,10,25,0.966667,26.821
EM-MIP-50,500,3,10,26,1.000000,29.879
EM-MIP-50,500,3,10,27,1.000000,28.193
EM-MIP-50,500,3,10,28,1.000000,29.029
EM-MIP-50,500,3,10,29,0.866667,29.235
EM-MIP-50,500,3,10,30,0.966667,30.457
EM-MIP-50,500,3,10,31,1.000000,26.319
EM-MIP-50,500,3,10,32,1.000000,28.087
EM-MIP-50,500,3,10,33,1.000000,28.556
EM-MIP-50,500,3,10,34,0.966667,31.810
EM-MIP-50,500,3,10,35,0.966667,28.973
EM-MIP-50,500,3,10,36,1.000000,30.170
EM-MIP-50,500,3,10,37,0.966667,29.057
EM-MIP-50,500,3,10,38,0.933333,29.783
EM-MIP-50,500,3,10,39,1.000000,33.790
EM-MIP-50,500,3,10,40,0.966667,36.902
EM-MIP-50,500,3,10,41,1.000000,23.052
EM-MIP-50,500,3,10,42,0.900000,30.368
EM-MIP-50,500,3,10,43,0.966667,30.345
EM-MIP-50,500,3,10,44,1.000000,25.208
EM-MIP-50,500,3,10,45,0.966667,30.887
EM-MIP-50,500,3,10,46,0.966667,29.010
EM-MIP-50,500,3,10,47,0.966667,29.005
EM-MIP-50,500,3,10,48,0.966667,28.103
EM-MIP-50,500,3,10,49,0.933333,30.386
EM-MIP-50,500,3,10,50,0.900000,32.980
EM-MIP-50,500,3,10,51,1.000000,27.950
EM-MIP-50,500,3,10,52,1.000000,26.960
EM-MIP-50,500,3,10,53,0.966667,29.710
EM-MIP-50,500,3,10,54,0.966667,36.282
EM-MIP-50,500,3,10,55,1.000000,27.775
EM-MIP-50,500,3,10,56,1.000000,27.979
EM-MIP-50,500,3,10,57,0.966667,28.122
EM-MIP-50,500,3,10,58,0.966667,31.703
EM-MIP-50,500,3,10,59,1.000000,32.014
EM-MIP-50,500,3,10,60,1.000000,22.073
EM-MIP-50,500,3,10,61,0.966667,28.308
EM-MIP-50,500,3,10,62,0.933333,28.134
EM-MIP-50,500,3,10,63,0.933333,27.990
EM-MIP-50,500,3,10,64,1.000000,26.560
EM-MIP-50,500,3,10,65,0.966667,33.127
EM-MIP-50,500,3,10,66,0.900000,35.729
EM-MIP-50,500,3,10,67,0.966667,22.233
EM-MIP-50,500,3,10,68,1.000000,30.041
EM-MIP-50,500,3,10,69,1.000000,27.221
EM-MIP-50,500,3,10,70,1.000000,29.809
EM-MIP-50,500,3,10,71,0.933333,27.136
EM-MIP-50,500,3,10,72,0.900000,26.760
EM-MIP-50,500,3,10,73,1.000000,29.057
EM-MIP-50,500,3,10,74,0.933333,29.222
EM-MIP-50,500,3,10,75,1.000000,27.451
EM-MIP-50,500,3,10,76,0.966667,32.414
EM-MIP-50,500,3,10,77,0.933333,27.273
EM-MIP-50,500,3,10,78,1.000000,26.653
EM-MIP-50,500,3,10,79,0.966667,32.480
EM-MIP-50,500,3,10,80,0.966667,24.895
EM-MIP-50,500,3,10,81,1.000000,27.794
EM-MIP-50,500,3,10,82,1.000000,28.574
EM-MIP-50,500,3,10,83,1.000000,28.337
EM-MIP-50,500,3,10,84,0.966667,27.672
EM-MIP-50,500,3,10,85,0.966667,32.202
EM-MIP-50,500,3,10,86,1.000000,24.730
EM-MIP-50,500,3,10,87,1.000000,29.524
EM-MIP-50,500,3,10,88,1.000000,26.527
EM-MIP-50,500,3,10,89,0.966667,28.948
EM-MIP-50,500,3,10,90,1.000000,30.567
EM-MIP-50,500,3,10,91,0.966667,30.564
EM-MIP-50,500,3,10,92,0.966667,33.424
EM-MIP-50,500,3,10,93,1.000000,26.086
EM-MIP-50,500,3,10,94,0.933333,29.054
EM-MIP-50,500,3,10,95,0.933333,28.849
EM-MIP-50,500,3,10,96,0.966667,28.090
EM-MIP-50,500,3,10,97,0.866667,24.968
EM-MIP-50,500,3,10,98,0.933333,24.688
EM-MIP-50,500,3,10,99,1.000000,25.619
EM-MIP-50,500,3,10,100,0.966667,27.230
EM-MIP-50,1000,3,10,1,1.000000,43.742
EM-MIP-50,1000,3,10,2,0.966667,44.929
EM-MIP-50,1000,3,10,3,0.966667,43.392
EM-MIP-50,1000,3,10,4,1.000000,34.370
EM-MIP-50,1000,3,10,5,1.000000,39.557
EM-MIP-50,1000,3,10,6,0.933333,38.502
EM-MIP-50,1000,3,10,7,1.000000,35.742
EM-MIP-50,1000,3,10,8,1.000000,37.658
EM-MIP-50,1000,3,10,9,1.000000,38.627
EM-MIP-50,1000,3,10,10,0.966667,41.781
EM-MIP-50,1000,3,10,11,1.000000,38.969
EM-MIP-50,1000,3,10,12,0.966667,40.629
EM-MIP-50,1000,3,10,13,0.966667,40.479
EM-MIP-50,1000,3,10,14,1.000000,40.206
EM-MIP-50,1000,3,10,15,0.966667,37.391
EM-MIP-50,1000,3,10,16,0.933333,40.392
EM-MIP-50,1000,3,10,17,1.000000,37.551
EM-MIP-50,1000,3,10,18,1.000000,39.892
EM-MIP-50,1000,3,10,19,1.000000,39.471
EM-MIP-50,1000,3,10,20,0.966667,39.019
EM-MIP-50,1000,3,10,21,0.933333,41.395
EM-MIP-50,1000,3,10,22,1.000000,42.149
EM-MIP-50,1000,3,10,23,0.966667,42.538
EM-MIP-50,1000,3,10,24,1.000000,39.953
EM-MIP-50,1000,3,10,25,1.000000,40.021
EM-MIP-50,1000,3,10,26,1.000000,36.857
EM-MIP-50,1000,3,10,27,0.966667,39.001
EM-MIP-50,1000,3,10,28,0.933333,35.992
EM-MIP-50,1000,3,10,29,1.000000,35.552
EM-MIP-50,1000,3,10,30,0.966667,39.486
EM-MIP-50,1000,3,10,31,0.933333,37.102
EM-MIP-50,1000,3,10,32,1.000000,43.458
EM-MIP-50,1000,3,10,33,0.966667,43.627
EM-MIP-50,1000,3,10,34,0.966667,35.225
EM-MIP-50,1000,3,10,35,0.966667,39.115
EM-MIP-50,1000,3,10,36,0.966667,37.600
EM-MIP-50,1000,3,10,37,0.966667,34.739
EM-MIP-50,1000,3,10,38,1.000000,35.452
EM-MIP-50,1000,3,10,39,1.000000,40.830
EM-MIP-50,1000,3,10,40,1.000000,37.397
EM-MIP-50,1000,3,10,41,0.966667,41.493
EM-MIP-50,1000,3,10,42,1.000000,41.822
EM-MIP-50,1000,3,10,43,0.966667,36.681
EM-MIP-50,1000,3,10,44,0.933333,35.377
EM-MIP-50,1000,3,10,45,0.966667,35.738
EM-MIP-50,1000,3,10,46,1.000000,34.835
EM-MIP-50,1000,3,10,47,1.000000,37.927
EM-MIP-50,1000,3,10,48,1.000000,39.372
EM-MIP-50,1000,3,10,49,0.966667,39.696
EM-MIP-50,1000,3,10,50,0.966667,42.858
EM-MIP-50,1000,3,10,51,0.966667,40.496
EM-MIP-50,1000,3,10,52,0.933333,35.350
EM-MIP-50,1000,3,10,53,1.000000,38.444
EM-MIP-50,1000,3,10,54,0.966667,39.326
EM-MIP-50,1000,3,10,55,1.000000,38.825
EM-MIP-50,1000,3,10,56,0.966667,40.059
EM-MIP-50,1000,3,10,57,0.933333,40.881
EM-MIP-50,1000,3,10,58,1.000000,41.347
EM-MIP-50,1000,3,10,59,1.000000,40.032
EM-MIP-50,1000,3,10,60,0.966667,40.424
EM-MIP-50,1000,3,10,61,0.900000,37.309
EM-MIP-50,1000,3,10,62,1.000000,38.602
EM-MIP-50,1000,3,10,63,0.933333,33.502
EM-MIP-50,1000,3,10,64,0.966667,39.036
EM-MIP-50,1000,3,10,65,1.000000,44.424
EM-MIP-50,1000,3,10,66,1.000000,39.591
EM-MIP-50,1000,3,10,67,0.933333,40.319
EM-MIP-50,1000,3,10,68,0.966667,39.202
EM-MIP-50,1000,3,10,69,0.966667,35.830
EM-MIP-50,1000,3,10,70,1.000000,36.174
EM-MIP-50,1000,3,10,71,0.933333,34.203
EM-MIP-50,1000,3,10,72,0.866667,40.885
EM-MIP-50,1000,3,10,73,1.000000,37.234
EM-MIP-50,1000,3,10,74,0.966667,37.569
EM-MIP-50,1000,3,10,75,1.000000,38.830
EM-MIP-50,1000,3,10,76,1.000000,42.828
EM-MIP-50,1000,3,10,77,0.966667,40.047
EM-MIP-50,1000,3,10,78,0.933333,38.202
EM-MIP-50,1000,3,10,79,1.000000,39.710
EM-MIP-50,1000,3,10,80,1.000000,46.404
EM-MIP-50,1000,3,10,81,0.966667,42.940
EM-MIP-50,1000,3,10,82,1.000000,35.835
EM-MIP-50,1000,3,10,83,0.966667,37.949
EM-MIP-50,1000,3,10,84,1.000000,35.107
EM-MIP-50,1000,3,10,85,0.966667,46.851
EM-MIP-50,1000,3,10,86,0.966667,36.316
EM-MIP-50,1000,3,10,87,1.000000,32.807
EM-MIP-50,1000,3,10,88,0.966667,36.060
EM-MIP-50,1000,3,10,89,0.900000,43.105
EM-MIP-50,1000,3,10,90,1.000000,44.279
EM-MIP-50,1000,3,10,91,0.966667,34.117
EM-MIP-50,1000,3,10,92,1.000000,33.474
EM-MIP-50,1000,3,10,93,1.000000,42.987
EM-MIP-50,1000,3,10,94,1.000000,38.056
EM-MIP-50,1000,3,10,95,1.000000,35.430
EM-MIP-50,1000,3,10,96,0.966667,43.072
EM-MIP-50,1000,3,10,97,0.933333,32.945
EM-MIP-50,1000,3,10,98,1.000000,41.261
EM-MIP-50,1000,3,10,99,0.933333,34.899
EM-MIP-50,1000,3,10,100,0.966667,44.135
